timestep,track_id,center_lat,center_lon,quality_score
0,track_00,14.94949494949495,79.94949494949495,0.8911701413674418
1,track_00,14.94949494949495,79.94949494949495,0.9861700361403499
2,track_00,14.94949494949495,79.94949494949495,0.9201274730509296
3,track_00,14.94949494949495,79.94949494949495,0.8751596480808255
4,track_00,14.94949494949495,79.94949494949495,0.9012686396682614
